{"cameraMode":{"drawMode":0,"name":"Shaded","section":"Shading Mode"},"sceneLighting":false,"audioPlay":false,"sceneViewState":{"showFog":true,"showMaterialUpdate":false,"showSkybox":false,"showFlares":true,"showImageEffects":true,"showParticleSystems":true,"showVisualEffectGraphs":true,"m_FxEnabled":true},"in2DMode":false,"pivot":{"x":0.03073406219482422,"y":-0.0691884309053421,"z":0.2050374150276184},"rotation":{"x":-0.0803116038441658,"y":-0.8233487606048584,"z":0.12037784606218338,"w":-0.5490216016769409},"size":0.33849936723709109,"orthographic":false}