{"cameraMode":{"drawMode":0,"name":"Shaded","section":"Shading Mode"},"sceneLighting":false,"audioPlay":false,"sceneViewState":{"showFog":true,"showMaterialUpdate":false,"showSkybox":false,"showFlares":true,"showImageEffects":true,"showParticleSystems":true,"showVisualEffectGraphs":true,"m_FxEnabled":true},"in2DMode":false,"pivot":{"x":-0.01106327772140503,"y":0.605656623840332,"z":-0.028100818395614625},"rotation":{"x":-0.1454383134841919,"y":0.06879711896181107,"z":-0.010160633362829686,"w":-0.9869486689567566},"size":0.9379065632820129,"orthographic":false}