{"cameraMode":{"drawMode":0,"name":"Shaded","section":"Shading Mode"},"sceneLighting":false,"audioPlay":false,"sceneViewState":{"showFog":true,"showMaterialUpdate":false,"showSkybox":false,"showFlares":true,"showImageEffects":true,"showParticleSystems":true,"showVisualEffectGraphs":true,"m_FxEnabled":true},"in2DMode":false,"pivot":{"x":-1.6243906021118165,"y":0.08536159992218018,"z":4.5951056480407719},"rotation":{"x":0.11673595011234284,"y":-0.6596680879592896,"z":0.10476919263601303,"w":0.7350543141365051},"size":3.0000171661376955,"orthographic":false}