{"cameraMode":{"drawMode":0,"name":"Shaded","section":"Shading Mode"},"sceneLighting":false,"audioPlay":false,"sceneViewState":{"showFog":true,"showMaterialUpdate":false,"showSkybox":false,"showFlares":true,"showImageEffects":true,"showParticleSystems":true,"showVisualEffectGraphs":true,"m_FxEnabled":true},"in2DMode":false,"pivot":{"x":3.0532100200653078,"y":3.9997541904449465,"z":6.6856489181518559},"rotation":{"x":-0.11689958721399307,"y":0.5687049031257629,"z":-0.08205220103263855,"w":-0.8100665807723999},"size":10.562700271606446,"orthographic":false}