{"cameraMode":{"drawMode":0,"name":"Shaded","section":"Shading Mode"},"sceneLighting":false,"audioPlay":false,"sceneViewState":{"showFog":true,"showMaterialUpdate":false,"showSkybox":false,"showFlares":true,"showImageEffects":true,"showParticleSystems":true,"showVisualEffectGraphs":true,"m_FxEnabled":true},"in2DMode":false,"pivot":{"x":-0.03738647699356079,"y":0.9248630404472351,"z":0.004243075847625732},"rotation":{"x":0.020731929689645768,"y":0.9277057647705078,"z":-0.05146666616201401,"w":0.36979204416275027},"size":1.4959423542022706,"orthographic":false}