{"cameraMode":{"drawMode":0,"name":"Shaded","section":"Shading Mode"},"sceneLighting":false,"audioPlay":false,"sceneViewState":{"showFog":true,"showMaterialUpdate":false,"showSkybox":false,"showFlares":true,"showImageEffects":true,"showParticleSystems":true,"showVisualEffectGraphs":true,"m_FxEnabled":true},"in2DMode":false,"pivot":{"x":-0.09445243328809738,"y":0.21960702538490296,"z":0.2877337634563446},"rotation":{"x":0.0013649334432557226,"y":-0.9904590845108032,"z":0.13755778968334199,"w":0.009804566390812397},"size":0.011580613441765309,"orthographic":false}