{"cameraMode":{"drawMode":0,"name":"Shaded","section":"Shading Mode"},"sceneLighting":false,"audioPlay":false,"sceneViewState":{"showFog":true,"showMaterialUpdate":false,"showSkybox":false,"showFlares":true,"showImageEffects":true,"showParticleSystems":true,"showVisualEffectGraphs":true,"m_FxEnabled":true},"in2DMode":false,"pivot":{"x":-0.2659955620765686,"y":0.11335094273090363,"z":-0.056468188762664798},"rotation":{"x":0.0008798851049505174,"y":-0.998691201210022,"z":0.04887433350086212,"w":0.018269149586558343},"size":0.43834665417671206,"orthographic":false}