{"cameraMode":{"drawMode":0,"name":"Shaded","section":"Shading Mode"},"sceneLighting":false,"audioPlay":false,"sceneViewState":{"showFog":true,"showMaterialUpdate":false,"showSkybox":false,"showFlares":true,"showImageEffects":true,"showParticleSystems":true,"showVisualEffectGraphs":true,"m_FxEnabled":true},"in2DMode":false,"pivot":{"x":0.0068365903571248058,"y":-0.008751695044338704,"z":0.15342356264591218},"rotation":{"x":0.14525331556797028,"y":0.02373841218650341,"z":-0.0034885189961642029,"w":0.9891153573989868},"size":1.2091509103775025,"orthographic":false}