{"cameraMode":{"drawMode":0,"name":"Shaded","section":"Shading Mode"},"sceneLighting":false,"audioPlay":false,"sceneViewState":{"showFog":true,"showMaterialUpdate":false,"showSkybox":false,"showFlares":true,"showImageEffects":true,"showParticleSystems":true,"showVisualEffectGraphs":true,"m_FxEnabled":true},"in2DMode":false,"pivot":{"x":0.008130431175231934,"y":1.9504530429840088,"z":-0.008034706115722657},"rotation":{"x":0.004212070256471634,"y":0.970131516456604,"z":-0.2420399934053421,"w":0.016879595816135408},"size":3.8464736938476564,"orthographic":false}