{"cameraMode":{"drawMode":0,"name":"Shaded","section":"Shading Mode"},"sceneLighting":false,"audioPlay":false,"sceneViewState":{"showFog":true,"showMaterialUpdate":false,"showSkybox":false,"showFlares":true,"showImageEffects":true,"showParticleSystems":true,"showVisualEffectGraphs":true,"m_FxEnabled":true},"in2DMode":false,"pivot":{"x":-0.3064558207988739,"y":0.8559058308601379,"z":-0.4906076192855835},"rotation":{"x":0.009561337530612946,"y":0.9888951778411865,"z":-0.06980717182159424,"w":0.13261009752750398},"size":1.4630104303359986,"orthographic":false}