{"cameraMode":{"drawMode":0,"name":"Shaded","section":"Shading Mode"},"sceneLighting":false,"audioPlay":false,"sceneViewState":{"showFog":true,"showMaterialUpdate":false,"showSkybox":false,"showFlares":true,"showImageEffects":true,"showParticleSystems":true,"showVisualEffectGraphs":true,"m_FxEnabled":true},"in2DMode":false,"pivot":{"x":0.012299925088882447,"y":0.07406400144100189,"z":0.23288506269454957},"rotation":{"x":0.007452262099832296,"y":0.9851980209350586,"z":0.044363994151353839,"w":-0.16556571424007417},"size":0.9459086656570435,"orthographic":false}