{"cameraMode":{"drawMode":0,"name":"Shaded","section":"Shading Mode"},"sceneLighting":false,"audioPlay":false,"sceneViewState":{"showFog":true,"showMaterialUpdate":false,"showSkybox":false,"showFlares":true,"showImageEffects":true,"showParticleSystems":true,"showVisualEffectGraphs":true,"m_FxEnabled":true},"in2DMode":false,"pivot":{"x":0.22270166873931886,"y":0.8609126210212708,"z":-0.490499883890152},"rotation":{"x":0.10333450883626938,"y":0.6762880086898804,"z":-0.09656727313995362,"w":0.7230290770530701},"size":0.9128872752189636,"orthographic":false}