{"cameraMode":{"drawMode":0,"name":"Shaded","section":"Shading Mode"},"sceneLighting":false,"audioPlay":false,"sceneViewState":{"showFog":true,"showMaterialUpdate":false,"showSkybox":false,"showFlares":true,"showImageEffects":true,"showParticleSystems":true,"showVisualEffectGraphs":true,"m_FxEnabled":true},"in2DMode":false,"pivot":{"x":-0.0801025927066803,"y":-0.5532371997833252,"z":-1.7126002311706544},"rotation":{"x":0.004212070256471634,"y":0.970131516456604,"z":-0.2420399934053421,"w":0.016879595816135408},"size":2.4839210510253908,"orthographic":false}