{"cameraMode":{"drawMode":0,"name":"Shaded","section":"Shading Mode"},"sceneLighting":false,"audioPlay":false,"sceneViewState":{"showFog":true,"showMaterialUpdate":false,"showSkybox":false,"showFlares":true,"showImageEffects":true,"showParticleSystems":true,"showVisualEffectGraphs":true,"m_FxEnabled":true},"in2DMode":false,"pivot":{"x":-112.76988220214844,"y":-80.67940521240235,"z":142.50222778320313},"rotation":{"x":-0.23374156653881074,"y":0.1830502301454544,"z":-0.04485460743308067,"w":-0.9538719058036804},"size":0.046761706471443179,"orthographic":false}