{"cameraMode":{"drawMode":0,"name":"Shaded","section":"Shading Mode"},"sceneLighting":false,"audioPlay":false,"sceneViewState":{"showFog":true,"showMaterialUpdate":false,"showSkybox":false,"showFlares":true,"showImageEffects":true,"showParticleSystems":true,"showVisualEffectGraphs":true,"m_FxEnabled":true},"in2DMode":false,"pivot":{"x":0.04776653274893761,"y":-0.4746944010257721,"z":-0.19431887567043305},"rotation":{"x":-0.1272358000278473,"y":0.7141920328140259,"z":-0.13462302088737489,"w":-0.6750085949897766},"size":3.0033373832702638,"orthographic":false}