{"cameraMode":{"drawMode":0,"name":"Shaded","section":"Shading Mode"},"sceneLighting":false,"audioPlay":false,"sceneViewState":{"showFog":true,"showMaterialUpdate":false,"showSkybox":false,"showFlares":true,"showImageEffects":true,"showParticleSystems":true,"showVisualEffectGraphs":true,"m_FxEnabled":true},"in2DMode":false,"pivot":{"x":0.2823982238769531,"y":-0.2117595672607422,"z":0.6192264556884766},"rotation":{"x":0.007452262099832296,"y":0.9851980209350586,"z":0.044363994151353839,"w":-0.16556571424007417},"size":22.0147647857666,"orthographic":false}