{"cameraMode":{"drawMode":0,"name":"Shaded","section":"Shading Mode"},"sceneLighting":false,"audioPlay":false,"sceneViewState":{"showFog":true,"showMaterialUpdate":false,"showSkybox":false,"showFlares":true,"showImageEffects":true,"showParticleSystems":true,"showVisualEffectGraphs":true,"m_FxEnabled":true},"in2DMode":false,"pivot":{"x":0.016011595726013185,"y":0.6873362064361572,"z":0.031561851501464847},"rotation":{"x":0.1467607170343399,"y":-0.620471715927124,"z":0.11964596807956696,"w":0.761035680770874},"size":2.6791844367980959,"orthographic":true}