{"cameraMode":{"drawMode":0,"name":"Shaded","section":"Shading Mode"},"sceneLighting":false,"audioPlay":false,"sceneViewState":{"showFog":true,"showMaterialUpdate":false,"showSkybox":false,"showFlares":true,"showImageEffects":true,"showParticleSystems":true,"showVisualEffectGraphs":true,"m_FxEnabled":true},"in2DMode":false,"pivot":{"x":0.019129931926727296,"y":2.554049015045166,"z":-0.016729652881622316},"rotation":{"x":-0.28858381509780886,"y":-0.3939785659313202,"z":0.13176123797893525,"w":-0.862662672996521},"size":0.8680419325828552,"orthographic":false}