{"cameraMode":{"drawMode":0,"name":"Shaded","section":"Shading Mode"},"sceneLighting":false,"audioPlay":false,"sceneViewState":{"showFog":true,"showMaterialUpdate":false,"showSkybox":false,"showFlares":true,"showImageEffects":true,"showParticleSystems":true,"showVisualEffectGraphs":true,"m_FxEnabled":true},"in2DMode":false,"pivot":{"x":-0.04960604012012482,"y":-0.02751946449279785,"z":-0.044488757848739627},"rotation":{"x":0.06451908499002457,"y":-0.866503119468689,"z":0.48116353154182436,"w":0.11619088798761368},"size":0.23862916231155396,"orthographic":false}