{"cameraMode":{"drawMode":0,"name":"Shaded","section":"Shading Mode"},"sceneLighting":false,"audioPlay":false,"sceneViewState":{"showFog":true,"showMaterialUpdate":false,"showSkybox":false,"showFlares":true,"showImageEffects":true,"showParticleSystems":true,"showVisualEffectGraphs":true,"m_FxEnabled":true},"in2DMode":false,"pivot":{"x":3.5199999809265138,"y":2.661390781402588,"z":0.9051793813705444},"rotation":{"x":0.009718461893498898,"y":0.9761978387832642,"z":-0.2120506763458252,"w":0.044736023992300037},"size":5.374819755554199,"orthographic":false}