{"cameraMode":{"drawMode":0,"name":"Shaded","section":"Shading Mode"},"sceneLighting":false,"audioPlay":false,"sceneViewState":{"showFog":true,"showMaterialUpdate":false,"showSkybox":false,"showFlares":true,"showImageEffects":true,"showParticleSystems":true,"showVisualEffectGraphs":true,"m_FxEnabled":true},"in2DMode":false,"pivot":{"x":0.019023656845092775,"y":0.861799955368042,"z":-0.01732039451599121},"rotation":{"x":0.06799336522817612,"y":-0.8350209593772888,"z":0.1057031974196434,"w":0.5358955264091492},"size":2.5360329151153566,"orthographic":false}