{"cameraMode":{"drawMode":0,"name":"Shaded","section":"Shading Mode"},"sceneLighting":true,"audioPlay":false,"sceneViewState":{"showFog":true,"showMaterialUpdate":false,"showSkybox":false,"showFlares":true,"showImageEffects":true,"showParticleSystems":true,"showVisualEffectGraphs":true,"m_FxEnabled":true},"in2DMode":false,"pivot":{"x":-0.3725042939186096,"y":0.6700593829154968,"z":-0.5618308782577515},"rotation":{"x":0.06293391436338425,"y":0.8618695735931397,"z":-0.11049006134271622,"w":0.4909552335739136},"size":1.0862780809402466,"orthographic":false}