{"cameraMode":{"drawMode":0,"name":"Shaded","section":"Shading Mode"},"sceneLighting":false,"audioPlay":false,"sceneViewState":{"showFog":true,"showMaterialUpdate":false,"showSkybox":false,"showFlares":true,"showImageEffects":true,"showParticleSystems":true,"showVisualEffectGraphs":true,"m_FxEnabled":true},"in2DMode":false,"pivot":{"x":-0.11826595664024353,"y":0.28583550453186037,"z":0.7374910116195679},"rotation":{"x":0.010870518162846566,"y":0.9875096678733826,"z":-0.13654029369354249,"w":0.07846736162900925},"size":-0.1602824479341507,"orthographic":false}