{"cameraMode":{"drawMode":0,"name":"Shaded","section":"Shading Mode"},"sceneLighting":false,"audioPlay":false,"sceneViewState":{"showFog":true,"showMaterialUpdate":false,"showSkybox":false,"showFlares":true,"showImageEffects":true,"showParticleSystems":true,"showVisualEffectGraphs":true,"m_FxEnabled":true},"in2DMode":false,"pivot":{"x":-4.803777694702148,"y":-0.05000019073486328,"z":-1.4411439895629883},"rotation":{"x":0.007452262099832296,"y":0.9851980209350586,"z":0.044363994151353839,"w":-0.16556571424007417},"size":18.990942001342775,"orthographic":false}