{"cameraMode":{"drawMode":0,"name":"Shaded","section":"Shading Mode"},"sceneLighting":false,"audioPlay":false,"sceneViewState":{"showFog":true,"showMaterialUpdate":false,"showSkybox":false,"showFlares":true,"showImageEffects":true,"showParticleSystems":true,"showVisualEffectGraphs":true,"m_FxEnabled":true},"in2DMode":false,"pivot":{"x":-0.0047752875834703449,"y":0.028872163966298105,"z":-9.313225746154786e-10},"rotation":{"x":0.19145561754703523,"y":-0.18466438353061677,"z":0.03683391585946083,"w":0.9633995294570923},"size":0.03700357675552368,"orthographic":false}