{"cameraMode":{"drawMode":0,"name":"Shaded","section":"Shading Mode"},"sceneLighting":true,"audioPlay":false,"sceneViewState":{"showFog":true,"showMaterialUpdate":false,"showSkybox":true,"showFlares":true,"showImageEffects":true,"showParticleSystems":true,"showVisualEffectGraphs":true,"m_FxEnabled":true},"in2DMode":false,"pivot":{"x":3.2580065727233888,"y":1.6225875616073609,"z":0.9420912265777588},"rotation":{"x":0.0039772228337824348,"y":-0.9916266202926636,"z":0.03276113048195839,"w":0.12639564275741578},"size":2.017540216445923,"orthographic":false}