{"cameraMode":{"drawMode":0,"name":"Shaded","section":"Shading Mode"},"sceneLighting":true,"audioPlay":false,"sceneViewState":{"showFog":true,"showMaterialUpdate":false,"showSkybox":true,"showFlares":true,"showImageEffects":true,"showParticleSystems":true,"showVisualEffectGraphs":true,"m_FxEnabled":true},"in2DMode":false,"pivot":{"x":0.6487794518470764,"y":1.5115457773208619,"z":11.066845893859864},"rotation":{"x":-0.005705550778657198,"y":-0.9909499883651733,"z":0.12704262137413026,"w":-0.045544832944869998},"size":0.1671677827835083,"orthographic":false}