{"cameraMode":{"drawMode":0,"name":"Shaded","section":"Shading Mode"},"sceneLighting":true,"audioPlay":false,"sceneViewState":{"showFog":true,"showMaterialUpdate":false,"showSkybox":true,"showFlares":true,"showImageEffects":true,"showParticleSystems":true,"showVisualEffectGraphs":true,"m_FxEnabled":true},"in2DMode":false,"pivot":{"x":0.7786043882369995,"y":-1.382887601852417,"z":0.2787354290485382},"rotation":{"x":0.38480785489082339,"y":0.030182644724845887,"z":-0.011804700829088688,"w":0.9229372143745422},"size":4.313721656799316,"orthographic":false}