{"cameraMode":{"drawMode":0,"name":"Shaded","section":"Shading Mode"},"sceneLighting":true,"audioPlay":false,"sceneViewState":{"showFog":true,"showMaterialUpdate":false,"showSkybox":true,"showFlares":true,"showImageEffects":true,"showParticleSystems":true,"showVisualEffectGraphs":true,"m_FxEnabled":true},"in2DMode":false,"pivot":{"x":26.529998779296876,"y":-6.145765781402588,"z":15.69205379486084},"rotation":{"x":0.15835614502429963,"y":0.36761265993118288,"z":-0.06367757171392441,"w":0.9142993688583374},"size":11.338347434997559,"orthographic":false}