{"cameraMode":{"drawMode":0,"name":"Shaded","section":"Shading Mode"},"sceneLighting":true,"audioPlay":false,"sceneViewState":{"showFog":true,"showMaterialUpdate":false,"showSkybox":true,"showFlares":true,"showImageEffects":true,"showParticleSystems":true,"showVisualEffectGraphs":true,"m_FxEnabled":true},"in2DMode":false,"pivot":{"x":-0.17914432287216187,"y":0.855491578578949,"z":0.34457841515541079},"rotation":{"x":-0.07645775377750397,"y":0.9068574905395508,"z":-0.18761000037193299,"w":-0.3695926368236542},"size":0.468692421913147,"orthographic":false}