{"cameraMode":{"drawMode":0,"name":"Shaded","section":"Shading Mode"},"sceneLighting":true,"audioPlay":false,"sceneViewState":{"showFog":true,"showMaterialUpdate":false,"showSkybox":true,"showFlares":true,"showImageEffects":true,"showParticleSystems":true,"showVisualEffectGraphs":true,"m_FxEnabled":true},"in2DMode":false,"pivot":{"x":-0.13695281744003297,"y":0.6117078065872192,"z":0.5715321898460388},"rotation":{"x":-0.12394005060195923,"y":0.743194043636322,"z":-0.14355476200580598,"w":-0.6416439414024353},"size":0.4260621666908264,"orthographic":false}