{"cameraMode":{"drawMode":0,"name":"Shaded","section":"Shading Mode"},"sceneLighting":true,"audioPlay":false,"sceneViewState":{"showFog":true,"showMaterialUpdate":false,"showSkybox":true,"showFlares":true,"showImageEffects":true,"showParticleSystems":true,"showVisualEffectGraphs":true,"m_FxEnabled":true},"in2DMode":false,"pivot":{"x":-1.9863097667694092,"y":1.5070738792419434,"z":-21.591279983520509},"rotation":{"x":-0.003353882348164916,"y":0.99555504322052,"z":-0.08884584903717041,"w":-0.039025530219078067},"size":1.6287033557891846,"orthographic":false}