{"cameraMode":{"drawMode":0,"name":"Shaded","section":"Shading Mode"},"sceneLighting":true,"audioPlay":false,"sceneViewState":{"showFog":true,"showMaterialUpdate":false,"showSkybox":true,"showFlares":true,"showImageEffects":true,"showParticleSystems":true,"showVisualEffectGraphs":true,"m_FxEnabled":true},"in2DMode":false,"pivot":{"x":-4.2611918449401859,"y":2.6484436988830568,"z":-2.4015676975250246},"rotation":{"x":0.10887984186410904,"y":-0.13377541303634644,"z":0.014789318665862084,"w":0.9849034547805786},"size":0.47393786907196047,"orthographic":false}