{"cameraMode":{"drawMode":0,"name":"Shaded","section":"Shading Mode"},"sceneLighting":true,"audioPlay":false,"sceneViewState":{"showFog":true,"showMaterialUpdate":false,"showSkybox":true,"showFlares":true,"showImageEffects":true,"showParticleSystems":true,"showVisualEffectGraphs":true,"m_FxEnabled":true},"in2DMode":false,"pivot":{"x":-0.19667303562164308,"y":0.8623372912406921,"z":-6.945619106292725},"rotation":{"x":0.0018399684922769666,"y":0.9868607521057129,"z":-0.16128545999526978,"w":0.011248599737882615},"size":1.5206108093261719,"orthographic":false}