{"cameraMode":{"drawMode":0,"name":"Shaded","section":"Shading Mode"},"sceneLighting":true,"audioPlay":false,"sceneViewState":{"showFog":true,"showMaterialUpdate":false,"showSkybox":true,"showFlares":true,"showImageEffects":true,"showParticleSystems":true,"showVisualEffectGraphs":true,"m_FxEnabled":true},"in2DMode":false,"pivot":{"x":-0.26558926701545718,"y":-2.5052883625030519,"z":-18.935884475708009},"rotation":{"x":0.0020181001164019109,"y":-0.9955123066902161,"z":0.0953528881072998,"w":0.016304651275277139},"size":10.66689682006836,"orthographic":false}