{"cameraMode":{"drawMode":0,"name":"Shaded","section":"Shading Mode"},"sceneLighting":true,"audioPlay":false,"sceneViewState":{"showFog":true,"showMaterialUpdate":false,"showSkybox":true,"showFlares":true,"showImageEffects":true,"showParticleSystems":true,"showVisualEffectGraphs":true,"m_FxEnabled":true},"in2DMode":false,"pivot":{"x":1272.1278076171875,"y":681.1537475585938,"z":105.72528076171875},"rotation":{"x":0.03448685631155968,"y":-0.022485880181193353,"z":0.0007373277330771089,"w":0.9991954565048218},"size":424.9183349609375,"orthographic":false}