{"cameraMode":{"drawMode":0,"name":"Shaded","section":"Shading Mode"},"sceneLighting":true,"audioPlay":false,"sceneViewState":{"showFog":true,"showMaterialUpdate":false,"showSkybox":true,"showFlares":true,"showImageEffects":true,"showParticleSystems":true,"showVisualEffectGraphs":true,"m_FxEnabled":true},"in2DMode":false,"pivot":{"x":386.758544921875,"y":306.2545471191406,"z":-297.07574462890627},"rotation":{"x":-0.10999558866024018,"y":0.11749564111232758,"z":0.013096041977405548,"w":0.9868782758712769},"size":3.5859875679016115,"orthographic":false}