{"cameraMode":{"drawMode":0,"name":"Shaded","section":"Shading Mode"},"sceneLighting":true,"audioPlay":false,"sceneViewState":{"showFog":true,"showMaterialUpdate":false,"showSkybox":true,"showFlares":true,"showImageEffects":true,"showParticleSystems":true,"showVisualEffectGraphs":true,"m_FxEnabled":true},"in2DMode":false,"pivot":{"x":1.375974416732788,"y":0.0452733039855957,"z":-5.032620906829834},"rotation":{"x":0.0062624928541481499,"y":0.992928147315979,"z":-0.10164011269807816,"w":0.0626467615365982},"size":3.8506810665130617,"orthographic":false}