{"cameraMode":{"drawMode":0,"name":"Shaded","section":"Shading Mode"},"sceneLighting":true,"audioPlay":false,"sceneViewState":{"showFog":true,"showMaterialUpdate":false,"showSkybox":true,"showFlares":true,"showImageEffects":true,"showParticleSystems":true,"showVisualEffectGraphs":true,"m_FxEnabled":true},"in2DMode":false,"pivot":{"x":145.73532104492188,"y":40.44789505004883,"z":-389.8997802734375},"rotation":{"x":0.01946529559791088,"y":-0.06145218014717102,"z":0.0011593014933168889,"w":0.9979655146598816},"size":-156.66482543945313,"orthographic":false}