{"cameraMode":{"drawMode":0,"name":"Shaded","section":"Shading Mode"},"sceneLighting":true,"audioPlay":false,"sceneViewState":{"showFog":true,"showMaterialUpdate":false,"showSkybox":true,"showFlares":true,"showImageEffects":true,"showParticleSystems":true,"showVisualEffectGraphs":true,"m_FxEnabled":true},"in2DMode":false,"pivot":{"x":-0.0527801513671875,"y":1.3823564052581788,"z":8.923357963562012},"rotation":{"x":0.19505546987056733,"y":-0.4047093093395233,"z":0.08883211016654968,"w":0.8890057802200317},"size":0.7313076853752136,"orthographic":false}