{"cameraMode":{"drawMode":0,"name":"Shaded","section":"Shading Mode"},"sceneLighting":true,"audioPlay":false,"sceneViewState":{"showFog":true,"showMaterialUpdate":false,"showSkybox":true,"showFlares":true,"showImageEffects":true,"showParticleSystems":true,"showVisualEffectGraphs":true,"m_FxEnabled":true},"in2DMode":false,"pivot":{"x":0.9069643020629883,"y":-3.2595903873443605,"z":13.223943710327149},"rotation":{"x":0.14620627462863923,"y":-0.31757986545562746,"z":0.04961560666561127,"w":0.9356803297996521},"size":15.94322395324707,"orthographic":false}