{"cameraMode":{"drawMode":0,"name":"Shaded","section":"Shading Mode"},"sceneLighting":true,"audioPlay":false,"sceneViewState":{"showFog":true,"showMaterialUpdate":false,"showSkybox":true,"showFlares":true,"showImageEffects":true,"showParticleSystems":true,"showVisualEffectGraphs":true,"m_FxEnabled":true},"in2DMode":false,"pivot":{"x":-0.8273171186447144,"y":0.9210554361343384,"z":-1.716396450996399},"rotation":{"x":0.021537499502301217,"y":-0.9732298851013184,"z":0.10055551677942276,"w":0.20637689530849458},"size":1.4959423542022706,"orthographic":false}