{"cameraMode":{"drawMode":0,"name":"Shaded","section":"Shading Mode"},"sceneLighting":true,"audioPlay":false,"sceneViewState":{"showFog":true,"showMaterialUpdate":false,"showSkybox":true,"showFlares":true,"showImageEffects":true,"showParticleSystems":true,"showVisualEffectGraphs":true,"m_FxEnabled":true},"in2DMode":false,"pivot":{"x":-0.04003128409385681,"y":1.7916067838668824,"z":0.5205978155136108},"rotation":{"x":-0.0002057511592283845,"y":-0.9910517930984497,"z":0.005523063242435455,"w":-0.13469478487968446},"size":0.17447668313980103,"orthographic":false}