{"cameraMode":{"drawMode":0,"name":"Shaded","section":"Shading Mode"},"sceneLighting":true,"audioPlay":false,"sceneViewState":{"showFog":true,"showMaterialUpdate":false,"showSkybox":true,"showFlares":true,"showImageEffects":true,"showParticleSystems":true,"showVisualEffectGraphs":true,"m_FxEnabled":true},"in2DMode":false,"pivot":{"x":0.296382337808609,"y":0.11388695240020752,"z":-0.9147086143493652},"rotation":{"x":-0.0035569469910115005,"y":-0.9433584809303284,"z":0.3321130871772766,"w":-0.010964416898787022},"size":1.4959423542022706,"orthographic":false}