{"cameraMode":{"drawMode":0,"name":"Shaded","section":"Shading Mode"},"sceneLighting":true,"audioPlay":false,"sceneViewState":{"showFog":true,"showMaterialUpdate":false,"showSkybox":true,"showFlares":true,"showImageEffects":true,"showParticleSystems":true,"showVisualEffectGraphs":true,"m_FxEnabled":true},"in2DMode":false,"pivot":{"x":12.604292869567871,"y":0.1885133981704712,"z":0.2371082603931427},"rotation":{"x":0.029987670481204988,"y":-0.9699394106864929,"z":0.17649969458580018,"w":0.1647963672876358},"size":7.0103230476379398,"orthographic":false}