{"cameraMode":{"drawMode":0,"name":"Shaded","section":"Shading Mode"},"sceneLighting":true,"audioPlay":false,"sceneViewState":{"showFog":true,"showMaterialUpdate":false,"showSkybox":true,"showFlares":true,"showImageEffects":true,"showParticleSystems":true,"showVisualEffectGraphs":true,"m_FxEnabled":true},"in2DMode":false,"pivot":{"x":-20.655763626098634,"y":11.717204093933106,"z":15.737994194030762},"rotation":{"x":-0.009630055166780949,"y":0.8726973533630371,"z":0.01695886254310608,"w":0.48814263939857485},"size":2.7443594932556154,"orthographic":false}