{"cameraMode":{"drawMode":0,"name":"Shaded","section":"Shading Mode"},"sceneLighting":true,"audioPlay":false,"sceneViewState":{"showFog":true,"showMaterialUpdate":false,"showSkybox":true,"showFlares":true,"showImageEffects":true,"showParticleSystems":true,"showVisualEffectGraphs":true,"m_FxEnabled":true},"in2DMode":false,"pivot":{"x":1.0454720258712769,"y":0.5690538883209229,"z":-5.157051086425781},"rotation":{"x":0.0025827803183346988,"y":0.9970041513442993,"z":-0.06740551441907883,"w":0.04040495306253433},"size":5.650681972503662,"orthographic":false}