{"cameraMode":{"drawMode":0,"name":"Shaded","section":"Shading Mode"},"sceneLighting":true,"audioPlay":false,"sceneViewState":{"showFog":true,"showMaterialUpdate":false,"showSkybox":true,"showFlares":true,"showImageEffects":true,"showParticleSystems":true,"showVisualEffectGraphs":true,"m_FxEnabled":true},"in2DMode":false,"pivot":{"x":-4.31094217300415,"y":-0.7210498452186585,"z":96.47674560546875},"rotation":{"x":-0.049473319202661517,"y":-0.017974499613046647,"z":-0.0009307430009357631,"w":0.9986597299575806},"size":2.9008569717407228,"orthographic":false}