{"cameraMode":{"drawMode":0,"name":"Shaded","section":"Shading Mode"},"sceneLighting":true,"audioPlay":false,"sceneViewState":{"showFog":true,"showMaterialUpdate":false,"showSkybox":true,"showFlares":true,"showImageEffects":true,"showParticleSystems":true,"showVisualEffectGraphs":true,"m_FxEnabled":true},"in2DMode":false,"pivot":{"x":-3.951049566268921,"y":1.1672319173812867,"z":8.154336929321289},"rotation":{"x":0.03394417464733124,"y":0.9657415747642517,"z":-0.16527099907398225,"w":0.19809167087078095},"size":0.4779857397079468,"orthographic":false}