{"cameraMode":{"drawMode":0,"name":"Shaded","section":"Shading Mode"},"sceneLighting":true,"audioPlay":false,"sceneViewState":{"showFog":true,"showMaterialUpdate":false,"showSkybox":true,"showFlares":true,"showImageEffects":true,"showParticleSystems":true,"showVisualEffectGraphs":true,"m_FxEnabled":true},"in2DMode":false,"pivot":{"x":0.6263656616210938,"y":0.9189680814743042,"z":0.6049708127975464},"rotation":{"x":-0.036493632942438129,"y":0.9634568691253662,"z":-0.19179745018482209,"w":-0.18339847028255464},"size":2.001424551010132,"orthographic":false}