{"cameraMode":{"drawMode":0,"name":"Shaded","section":"Shading Mode"},"sceneLighting":true,"audioPlay":false,"sceneViewState":{"showFog":true,"showMaterialUpdate":false,"showSkybox":true,"showFlares":true,"showImageEffects":true,"showParticleSystems":true,"showVisualEffectGraphs":true,"m_FxEnabled":true},"in2DMode":false,"pivot":{"x":-0.30547523498535159,"y":0.4085869789123535,"z":3.664308547973633},"rotation":{"x":0.18846899271011353,"y":-0.4989743232727051,"z":0.11215014010667801,"w":0.8384531140327454},"size":3.212625026702881,"orthographic":false}