{"cameraMode":{"drawMode":0,"name":"Shaded","section":"Shading Mode"},"sceneLighting":true,"audioPlay":false,"sceneViewState":{"showFog":true,"showMaterialUpdate":false,"showSkybox":true,"showFlares":true,"showImageEffects":true,"showParticleSystems":true,"showVisualEffectGraphs":true,"m_FxEnabled":true},"in2DMode":false,"pivot":{"x":2.970461845397949,"y":1.7115391492843629,"z":-2.2065579891204836},"rotation":{"x":-0.14538851380348206,"y":0.25398990511894228,"z":-0.03865409269928932,"w":-0.955515444278717},"size":0.07767915725708008,"orthographic":false}