{"cameraMode":{"drawMode":0,"name":"Shaded","section":"Shading Mode"},"sceneLighting":true,"audioPlay":false,"sceneViewState":{"showFog":true,"showMaterialUpdate":false,"showSkybox":true,"showFlares":true,"showImageEffects":true,"showParticleSystems":true,"showVisualEffectGraphs":true,"m_FxEnabled":true},"in2DMode":false,"pivot":{"x":4.797257423400879,"y":3.8385839462280275,"z":278.4770202636719},"rotation":{"x":0.008999789133667946,"y":0.007500611245632172,"z":-0.00010656694939825684,"w":0.999976396560669},"size":162.3926544189453,"orthographic":false}