{"cameraMode":{"drawMode":0,"name":"Shaded","section":"Shading Mode"},"sceneLighting":false,"audioPlay":false,"sceneViewState":{"showFog":false,"showMaterialUpdate":false,"showSkybox":false,"showFlares":false,"showImageEffects":false,"showParticleSystems":false,"showVisualEffectGraphs":true,"m_FxEnabled":true},"in2DMode":false,"pivot":{"x":0.00004853680729866028,"y":0.013305939733982087,"z":0.0008013839833438396},"rotation":{"x":0.006868021562695503,"y":0.9449038505554199,"z":-0.32682332396507265,"w":0.01985279843211174},"size":0.027443593367934228,"orthographic":false}