{"cameraMode":{"drawMode":0,"name":"Shaded","section":"Shading Mode"},"sceneLighting":false,"audioPlay":false,"sceneViewState":{"showFog":true,"showMaterialUpdate":false,"showSkybox":false,"showFlares":true,"showImageEffects":true,"showParticleSystems":true,"showVisualEffectGraphs":true,"m_FxEnabled":true},"in2DMode":false,"pivot":{"x":-4.76837158203125e-7,"y":2.4000000953674318,"z":-0.000001430511474609375},"rotation":{"x":0.23864327371120454,"y":0.10514142364263535,"z":-0.025936217978596689,"w":0.9651217460632324},"size":6.867501258850098,"orthographic":false}