{"cameraMode":{"drawMode":0,"name":"Shaded","section":"Shading Mode"},"sceneLighting":false,"audioPlay":false,"sceneViewState":{"showFog":true,"showMaterialUpdate":false,"showSkybox":false,"showFlares":true,"showImageEffects":true,"showParticleSystems":true,"showVisualEffectGraphs":true,"m_FxEnabled":true},"in2DMode":false,"pivot":{"x":-0.18385463953018189,"y":-0.6958646774291992,"z":-0.16895103454589845},"rotation":{"x":-0.0027661044150590898,"y":0.9585255980491638,"z":-0.2848866879940033,"w":-0.009302577003836632},"size":3.25492262840271,"orthographic":false}