{"cameraMode":{"drawMode":0,"name":"Shaded","section":"Shading Mode"},"sceneLighting":false,"audioPlay":false,"sceneViewState":{"showFog":true,"showMaterialUpdate":false,"showSkybox":false,"showFlares":true,"showImageEffects":true,"showParticleSystems":true,"showVisualEffectGraphs":true,"m_FxEnabled":true},"in2DMode":false,"pivot":{"x":-0.2871021628379822,"y":-0.025696277618408204,"z":-1.8965730667114258},"rotation":{"x":-0.023824496194720269,"y":0.9429308176040649,"z":-0.3248851001262665,"w":-0.06914522498846054},"size":2.954922676086426,"orthographic":false}