{"cameraMode":{"drawMode":0,"name":"Shaded","section":"Shading Mode"},"sceneLighting":false,"audioPlay":false,"sceneViewState":{"showFog":true,"showMaterialUpdate":false,"showSkybox":false,"showFlares":true,"showImageEffects":true,"showParticleSystems":true,"showVisualEffectGraphs":true,"m_FxEnabled":true},"in2DMode":false,"pivot":{"x":-0.7053120136260986,"y":0.9620975255966187,"z":0.18065498769283296},"rotation":{"x":0.006967890076339245,"y":0.9879869222640991,"z":-0.1471962332725525,"w":0.04676148667931557},"size":1.754922866821289,"orthographic":false}