{"cameraMode":{"drawMode":0,"name":"Shaded","section":"Shading Mode"},"sceneLighting":false,"audioPlay":false,"sceneViewState":{"showFog":true,"showMaterialUpdate":false,"showSkybox":false,"showFlares":true,"showImageEffects":true,"showParticleSystems":true,"showVisualEffectGraphs":true,"m_FxEnabled":true},"in2DMode":false,"pivot":{"x":-0.1567254215478897,"y":2.477952003479004,"z":1.9697456359863282},"rotation":{"x":-0.0009789844043552876,"y":0.963948130607605,"z":-0.2661568820476532,"w":-0.003573985304683447},"size":0.21696466207504273,"orthographic":false}