{"cameraMode":{"drawMode":0,"name":"Shaded","section":"Shading Mode"},"sceneLighting":false,"audioPlay":false,"sceneViewState":{"showFog":true,"showMaterialUpdate":false,"showSkybox":false,"showFlares":true,"showImageEffects":true,"showParticleSystems":true,"showVisualEffectGraphs":true,"m_FxEnabled":true},"in2DMode":false,"pivot":{"x":-1.6832212209701539,"y":3.422183036804199,"z":0.7930759191513062},"rotation":{"x":0.15018627047538758,"y":0.8417287468910217,"z":-0.2976544201374054,"w":0.42470869421958926},"size":0.21696466207504273,"orthographic":false}