{"cameraMode":{"drawMode":0,"name":"Shaded","section":"Shading Mode"},"sceneLighting":false,"audioPlay":false,"sceneViewState":{"showFog":true,"showMaterialUpdate":false,"showSkybox":false,"showFlares":true,"showImageEffects":true,"showParticleSystems":true,"showVisualEffectGraphs":true,"m_FxEnabled":true},"in2DMode":false,"pivot":{"x":-1.258573055267334,"y":-0.3024006485939026,"z":4.401197910308838},"rotation":{"x":-0.0004046321555506438,"y":0.7076879143714905,"z":-0.00030308059649541974,"w":-0.7066643834114075},"size":4.200016975402832,"orthographic":false}