{"cameraMode":{"drawMode":0,"name":"Shaded","section":"Shading Mode"},"sceneLighting":false,"audioPlay":false,"sceneViewState":{"showFog":true,"showMaterialUpdate":false,"showSkybox":false,"showFlares":true,"showImageEffects":true,"showParticleSystems":true,"showVisualEffectGraphs":true,"m_FxEnabled":true},"in2DMode":false,"pivot":{"x":-0.17091423273086549,"y":0.6937713623046875,"z":-0.17357729375362397},"rotation":{"x":0.004212070256471634,"y":0.970131516456604,"z":-0.2420399934053421,"w":0.016879595816135408},"size":0.971322774887085,"orthographic":false}