{"cameraMode":{"drawMode":0,"name":"Shaded","section":"Shading Mode"},"sceneLighting":false,"audioPlay":false,"sceneViewState":{"showFog":true,"showMaterialUpdate":false,"showSkybox":false,"showFlares":true,"showImageEffects":true,"showParticleSystems":true,"showVisualEffectGraphs":true,"m_FxEnabled":true},"in2DMode":false,"pivot":{"x":-0.15176665782928468,"y":1.0487403869628907,"z":0.41057872772216799},"rotation":{"x":-0.13864533603191377,"y":0.3013452887535095,"z":0.04443685710430145,"w":0.9424075484275818},"size":0.6000173091888428,"orthographic":false}