{"cameraMode":{"drawMode":0,"name":"Shaded","section":"Shading Mode"},"sceneLighting":false,"audioPlay":false,"sceneViewState":{"showFog":true,"showMaterialUpdate":false,"showSkybox":false,"showFlares":true,"showImageEffects":true,"showParticleSystems":true,"showVisualEffectGraphs":true,"m_FxEnabled":true},"in2DMode":false,"pivot":{"x":-0.3442330062389374,"y":0.3664478659629822,"z":0.04665553569793701},"rotation":{"x":-0.19859474897384644,"y":0.34980446100234988,"z":-0.07611338049173355,"w":-0.9124043583869934},"size":0.904793918132782,"orthographic":false}