{"cameraMode":{"drawMode":0,"name":"Shaded","section":"Shading Mode"},"sceneLighting":false,"audioPlay":false,"sceneViewState":{"showFog":false,"showMaterialUpdate":false,"showSkybox":false,"showFlares":false,"showImageEffects":false,"showParticleSystems":false,"showVisualEffectGraphs":true,"m_FxEnabled":true},"in2DMode":false,"pivot":{"x":-0.0037386491894721987,"y":0.09248630702495575,"z":0.0004243031144142151},"rotation":{"x":0.16614176332950593,"y":-0.543306827545166,"z":0.1107230857014656,"w":0.8154895305633545},"size":0.1495942324399948,"orthographic":false}