{"cameraMode":{"drawMode":0,"name":"Shaded","section":"Shading Mode"},"sceneLighting":false,"audioPlay":false,"sceneViewState":{"showFog":true,"showMaterialUpdate":false,"showSkybox":false,"showFlares":true,"showImageEffects":true,"showParticleSystems":true,"showVisualEffectGraphs":true,"m_FxEnabled":true},"in2DMode":false,"pivot":{"x":-1.2135536670684815,"y":-0.060707852244377139,"z":0.06257374584674835},"rotation":{"x":-0.13790792226791383,"y":0.7723548412322998,"z":-0.17946507036685944,"w":-0.5935077667236328},"size":2.586277961730957,"orthographic":false}