{"cameraMode":{"drawMode":0,"name":"Shaded","section":"Shading Mode"},"sceneLighting":true,"audioPlay":false,"sceneViewState":{"showFog":true,"showMaterialUpdate":false,"showSkybox":true,"showFlares":true,"showImageEffects":true,"showParticleSystems":true,"showVisualEffectGraphs":true,"m_FxEnabled":true},"in2DMode":false,"pivot":{"x":-233.36207580566407,"y":-21.029388427734376,"z":91.21949005126953},"rotation":{"x":-0.21678072214126588,"y":0.17807728052139283,"z":-0.04025194048881531,"w":-0.9590133428573608},"size":55.529903411865237,"orthographic":false}