{"cameraMode":{"drawMode":0,"name":"Shaded","section":"Shading Mode"},"sceneLighting":true,"audioPlay":false,"sceneViewState":{"showFog":true,"showMaterialUpdate":false,"showSkybox":true,"showFlares":true,"showImageEffects":true,"showParticleSystems":true,"showVisualEffectGraphs":true,"m_FxEnabled":true},"in2DMode":false,"pivot":{"x":1.6858078241348267,"y":1.7385282516479493,"z":2.1719584465026857},"rotation":{"x":-0.04641690105199814,"y":0.27564942836761477,"z":-0.01332341879606247,"w":-0.9600552916526794},"size":1.0862780809402466,"orthographic":false}