{"cameraMode":{"drawMode":0,"name":"Shaded","section":"Shading Mode"},"sceneLighting":true,"audioPlay":false,"sceneViewState":{"showFog":true,"showMaterialUpdate":false,"showSkybox":true,"showFlares":true,"showImageEffects":true,"showParticleSystems":true,"showVisualEffectGraphs":true,"m_FxEnabled":true},"in2DMode":false,"pivot":{"x":3.854675769805908,"y":1.480894684791565,"z":0.11589741706848145},"rotation":{"x":0.16361995041370393,"y":0.2788330316543579,"z":-0.048204414546489719,"w":0.9451552629470825},"size":3.786278009414673,"orthographic":false}