{"cameraMode":{"drawMode":0,"name":"Shaded","section":"Shading Mode"},"sceneLighting":true,"audioPlay":false,"sceneViewState":{"showFog":true,"showMaterialUpdate":false,"showSkybox":true,"showFlares":true,"showImageEffects":true,"showParticleSystems":true,"showVisualEffectGraphs":true,"m_FxEnabled":true},"in2DMode":false,"pivot":{"x":-4.657575607299805,"y":2.625999927520752,"z":-20.352222442626954},"rotation":{"x":0.0006091769319027662,"y":0.9865912199020386,"z":-0.16377489268779756,"w":0.004284277092665434},"size":1.4549229145050049,"orthographic":false}