{"cameraMode":{"drawMode":0,"name":"Shaded","section":"Shading Mode"},"sceneLighting":true,"audioPlay":false,"sceneViewState":{"showFog":true,"showMaterialUpdate":false,"showSkybox":true,"showFlares":true,"showImageEffects":true,"showParticleSystems":true,"showVisualEffectGraphs":true,"m_FxEnabled":true},"in2DMode":false,"pivot":{"x":-4.2035064697265629,"y":1.4195934534072877,"z":-21.438947677612306},"rotation":{"x":0.09161784499883652,"y":0.9016042947769165,"z":-0.23502430319786073,"w":0.3514552414417267},"size":2.2797789573669435,"orthographic":false}