{"cameraMode":{"drawMode":0,"name":"Shaded","section":"Shading Mode"},"sceneLighting":true,"audioPlay":false,"sceneViewState":{"showFog":true,"showMaterialUpdate":false,"showSkybox":true,"showFlares":true,"showImageEffects":true,"showParticleSystems":true,"showVisualEffectGraphs":true,"m_FxEnabled":true},"in2DMode":false,"pivot":{"x":-217.56004333496095,"y":0.9300222396850586,"z":18.793136596679689},"rotation":{"x":0.16870233416557313,"y":-0.7253986597061157,"z":0.19141846895217896,"w":0.6393091678619385},"size":16.289758682250978,"orthographic":false}