{"cameraMode":{"drawMode":0,"name":"Shaded","section":"Shading Mode"},"sceneLighting":false,"audioPlay":false,"sceneViewState":{"showFog":true,"showMaterialUpdate":false,"showSkybox":false,"showFlares":true,"showImageEffects":true,"showParticleSystems":true,"showVisualEffectGraphs":true,"m_FxEnabled":true},"in2DMode":false,"pivot":{"x":-0.056291479617357257,"y":0.05225348472595215,"z":0.012470461428165436},"rotation":{"x":0.02993239462375641,"y":-0.9616483449935913,"z":0.11683132499456406,"w":0.24636247754096986},"size":0.26266759634017947,"orthographic":true}