{"cameraMode":{"drawMode":0,"name":"Shaded","section":"Shading Mode"},"sceneLighting":false,"audioPlay":false,"sceneViewState":{"showFog":true,"showMaterialUpdate":false,"showSkybox":false,"showFlares":true,"showImageEffects":true,"showParticleSystems":true,"showVisualEffectGraphs":true,"m_FxEnabled":true},"in2DMode":false,"pivot":{"x":0.2849958837032318,"y":1.171247959136963,"z":0.16174396872520448},"rotation":{"x":0.27017343044281008,"y":0.45618802309036257,"z":-0.14754992723464967,"w":0.8350228667259216},"size":0.5000100135803223,"orthographic":false}