{"cameraMode":{"drawMode":0,"name":"Shaded","section":"Shading Mode"},"sceneLighting":false,"audioPlay":false,"sceneViewState":{"showFog":true,"showMaterialUpdate":false,"showSkybox":false,"showFlares":true,"showImageEffects":true,"showParticleSystems":true,"showVisualEffectGraphs":true,"m_FxEnabled":true},"in2DMode":false,"pivot":{"x":-0.6372119188308716,"y":0.1265823245048523,"z":-0.09214872121810913},"rotation":{"x":0.10734780132770539,"y":-0.8165664672851563,"z":0.1610974818468094,"w":0.5439000129699707},"size":1.5016098022460938,"orthographic":false}