{"cameraMode":{"drawMode":0,"name":"Shaded","section":"Shading Mode"},"sceneLighting":false,"audioPlay":false,"sceneViewState":{"showFog":true,"showMaterialUpdate":false,"showSkybox":false,"showFlares":true,"showImageEffects":true,"showParticleSystems":true,"showVisualEffectGraphs":true,"m_FxEnabled":true},"in2DMode":false,"pivot":{"x":-0.006568819284439087,"y":0.6644352674484253,"z":-0.025387421250343324},"rotation":{"x":-0.13402672111988069,"y":0.683962881565094,"z":-0.12998680770397187,"w":-0.7052203416824341},"size":0.7420454025268555,"orthographic":false}