{"cameraMode":{"drawMode":0,"name":"Shaded","section":"Shading Mode"},"sceneLighting":false,"audioPlay":false,"sceneViewState":{"showFog":true,"showMaterialUpdate":false,"showSkybox":false,"showFlares":true,"showImageEffects":true,"showParticleSystems":true,"showVisualEffectGraphs":true,"m_FxEnabled":true},"in2DMode":false,"pivot":{"x":0.14423447847366334,"y":0.2721777558326721,"z":-0.1986536681652069},"rotation":{"x":-0.09444914758205414,"y":0.06773826479911804,"z":-0.006464677397161722,"w":-0.9932207465171814},"size":1.8489437103271485,"orthographic":false}