{"cameraMode":{"drawMode":0,"name":"Shaded","section":"Shading Mode"},"sceneLighting":true,"audioPlay":false,"sceneViewState":{"showFog":true,"showMaterialUpdate":false,"showSkybox":false,"showFlares":true,"showImageEffects":true,"showParticleSystems":true,"showVisualEffectGraphs":true,"m_FxEnabled":true},"in2DMode":false,"pivot":{"x":0.16500979661941529,"y":1.1481415033340455,"z":0.14657580852508546},"rotation":{"x":0.029765162616968156,"y":0.9675871729850769,"z":-0.2100929319858551,"w":0.13714762032032014},"size":1.0862780809402466,"orthographic":false}