{"cameraMode":{"drawMode":0,"name":"Shaded","section":"Shading Mode"},"sceneLighting":false,"audioPlay":false,"sceneViewState":{"showFog":true,"showMaterialUpdate":false,"showSkybox":false,"showFlares":true,"showImageEffects":true,"showParticleSystems":true,"showVisualEffectGraphs":true,"m_FxEnabled":true},"in2DMode":false,"pivot":{"x":-0.08921432495117188,"y":1.63920259475708,"z":-0.0436711311340332},"rotation":{"x":0.007452262099832296,"y":0.9851980209350586,"z":0.044363994151353839,"w":-0.16556571424007417},"size":4.793704032897949,"orthographic":false}