{"cameraMode":{"drawMode":0,"name":"Shaded","section":"Shading Mode"},"sceneLighting":true,"audioPlay":false,"sceneViewState":{"m_AlwaysRefresh":false,"showFog":true,"showSkybox":true,"showFlares":true,"showImageEffects":true,"showParticleSystems":true,"showVisualEffectGraphs":true,"m_FxEnabled":true},"in2DMode":false,"pivot":{"x":-1.444189429283142,"y":1.9011597633361817,"z":-1.975449800491333},"rotation":{"x":-0.12988348305225373,"y":-0.43144819140434267,"z":0.06293543428182602,"w":-0.8907126784324646},"size":0.6800822019577026,"orthographic":false}