{"cameraMode":{"drawMode":0,"name":"Shaded","section":"Shading Mode"},"sceneLighting":true,"audioPlay":false,"sceneViewState":{"showFog":true,"showMaterialUpdate":false,"showSkybox":true,"showFlares":true,"showImageEffects":true,"showParticleSystems":true,"showVisualEffectGraphs":true,"m_FxEnabled":true},"in2DMode":false,"pivot":{"x":0.06505723297595978,"y":3.08762264251709,"z":-3.461714744567871},"rotation":{"x":0.23218871653079987,"y":0.008731420151889325,"z":-0.002158990828320384,"w":0.9727436304092407},"size":0.20687681436538697,"orthographic":false}