{"cameraMode":{"drawMode":0,"name":"Shaded","section":"Shading Mode"},"sceneLighting":false,"audioPlay":false,"sceneViewState":{"showFog":true,"showMaterialUpdate":false,"showSkybox":false,"showFlares":true,"showImageEffects":true,"showParticleSystems":true,"showVisualEffectGraphs":true,"m_FxEnabled":true},"in2DMode":false,"pivot":{"x":0.045295536518096927,"y":1.240492582321167,"z":-3.3524014949798586},"rotation":{"x":-0.046507976949214938,"y":0.9527148604393005,"z":-0.18812882900238038,"w":-0.2346346527338028},"size":2.0425806045532228,"orthographic":false}