{"cameraMode":{"drawMode":0,"name":"Shaded","section":"Shading Mode"},"sceneLighting":false,"audioPlay":false,"sceneViewState":{"showFog":true,"showMaterialUpdate":false,"showSkybox":false,"showFlares":true,"showImageEffects":true,"showParticleSystems":true,"showVisualEffectGraphs":true,"m_FxEnabled":true},"in2DMode":false,"pivot":{"x":0.9142448902130127,"y":-2.2066736221313478,"z":4.079291820526123},"rotation":{"x":-0.21315023303031922,"y":-0.05614723265171051,"z":0.011444084346294403,"w":-0.9758604168891907},"size":3.7188079357147219,"orthographic":false}