{"cameraMode":{"drawMode":0,"name":"Shaded","section":"Shading Mode"},"sceneLighting":true,"audioPlay":false,"sceneViewState":{"showFog":true,"showMaterialUpdate":false,"showSkybox":true,"showFlares":true,"showImageEffects":true,"showParticleSystems":true,"showVisualEffectGraphs":true,"m_FxEnabled":true},"in2DMode":false,"pivot":{"x":-11.186673164367676,"y":0.7687499523162842,"z":0.29758453369140627},"rotation":{"x":-0.15608526766300202,"y":-0.24456651508808137,"z":0.039925020188093188,"w":-0.9561986923217773},"size":0.7077969908714294,"orthographic":false}