{"cameraMode":{"drawMode":0,"name":"Shaded","section":"Shading Mode"},"sceneLighting":true,"audioPlay":false,"sceneViewState":{"showFog":true,"showMaterialUpdate":false,"showSkybox":true,"showFlares":true,"showImageEffects":true,"showParticleSystems":true,"showVisualEffectGraphs":true,"m_FxEnabled":true},"in2DMode":false,"pivot":{"x":26.647300720214845,"y":19.247251510620118,"z":33.202125549316409},"rotation":{"x":-0.19626376032829286,"y":0.46356767416000368,"z":-0.10610316693782807,"w":-0.857521653175354},"size":7.239456653594971,"orthographic":true}