{"cameraMode":{"drawMode":0,"name":"Shaded","section":"Shading Mode"},"sceneLighting":true,"audioPlay":false,"sceneViewState":{"showFog":true,"showMaterialUpdate":false,"showSkybox":true,"showFlares":true,"showImageEffects":true,"showParticleSystems":true,"showVisualEffectGraphs":true,"m_FxEnabled":true},"in2DMode":false,"pivot":{"x":0.31000956892967226,"y":1.4199159145355225,"z":131.14462280273438},"rotation":{"x":0.15730662643909455,"y":-0.06612999737262726,"z":0.010562656447291375,"w":0.9853495359420776},"size":1.5588421821594239,"orthographic":false}