{"cameraMode":{"drawMode":0,"name":"Shaded","section":"Shading Mode"},"sceneLighting":true,"audioPlay":false,"sceneViewState":{"showFog":true,"showMaterialUpdate":false,"showSkybox":true,"showFlares":true,"showImageEffects":true,"showParticleSystems":true,"showVisualEffectGraphs":true,"m_FxEnabled":true},"in2DMode":false,"pivot":{"x":-9.662729263305664,"y":0.1825142502784729,"z":68.76885986328125},"rotation":{"x":0.03308434784412384,"y":-0.5759927034378052,"z":0.023340445011854173,"w":0.8164495229721069},"size":22.012439727783204,"orthographic":false}