{"cameraMode":{"drawMode":0,"name":"Shaded","section":"Shading Mode"},"sceneLighting":true,"audioPlay":false,"sceneViewState":{"showFog":true,"showMaterialUpdate":false,"showSkybox":true,"showFlares":true,"showImageEffects":true,"showParticleSystems":true,"showVisualEffectGraphs":true,"m_FxEnabled":true},"in2DMode":false,"pivot":{"x":0.23358823359012605,"y":0.9743672013282776,"z":-0.6349704265594482},"rotation":{"x":-0.17306405305862428,"y":0.0640631914138794,"z":-0.011303863488137722,"w":-0.9827836155891419},"size":0.8627440333366394,"orthographic":false}