{"cameraMode":{"drawMode":0,"name":"Shaded","section":"Shading Mode"},"sceneLighting":true,"audioPlay":false,"sceneViewState":{"showFog":true,"showMaterialUpdate":false,"showSkybox":true,"showFlares":true,"showImageEffects":true,"showParticleSystems":true,"showVisualEffectGraphs":true,"m_FxEnabled":true},"in2DMode":false,"pivot":{"x":0.21472010016441346,"y":-4.241353511810303,"z":107.98820495605469},"rotation":{"x":0.13686339557170869,"y":0.25208157300949099,"z":-0.036041948944330218,"w":0.9573481678962708},"size":10.198644638061524,"orthographic":false}