{"cameraMode":{"drawMode":0,"name":"Shaded","section":"Shading Mode"},"sceneLighting":true,"audioPlay":false,"sceneViewState":{"showFog":true,"showMaterialUpdate":false,"showSkybox":true,"showFlares":true,"showImageEffects":true,"showParticleSystems":true,"showVisualEffectGraphs":true,"m_FxEnabled":true},"in2DMode":false,"pivot":{"x":146.29811096191407,"y":-7.311929702758789,"z":-28.013629913330079},"rotation":{"x":-0.18633948266506196,"y":-0.014725820161402226,"z":0.0024572047404944898,"w":-0.9826661944389343},"size":12.329924583435059,"orthographic":false}