{"cameraMode":{"drawMode":0,"name":"Shaded","section":"Shading Mode"},"sceneLighting":true,"audioPlay":false,"sceneViewState":{"showFog":true,"showMaterialUpdate":false,"showSkybox":true,"showFlares":true,"showImageEffects":true,"showParticleSystems":true,"showVisualEffectGraphs":true,"m_FxEnabled":true},"in2DMode":false,"pivot":{"x":0.5810792446136475,"y":1.8297529220581055,"z":110.7662582397461},"rotation":{"x":0.43272125720977785,"y":0.08101054280996323,"z":-0.038930922746658328,"w":0.8971514105796814},"size":2.8429229259490969,"orthographic":false}