{"cameraMode":{"drawMode":0,"name":"Shaded","section":"Shading Mode"},"sceneLighting":false,"audioPlay":false,"sceneViewState":{"showFog":true,"showMaterialUpdate":false,"showSkybox":false,"showFlares":true,"showImageEffects":true,"showParticleSystems":true,"showVisualEffectGraphs":true,"m_FxEnabled":true},"in2DMode":false,"pivot":{"x":2.7096400260925295,"y":0.44249653816223147,"z":-1.1242866516113282},"rotation":{"x":-0.17276814579963685,"y":0.20388616621494294,"z":-0.036527253687381747,"w":-0.963040292263031},"size":1.8000173568725587,"orthographic":false}