{"cameraMode":{"drawMode":0,"name":"Shaded","section":"Shading Mode"},"sceneLighting":false,"audioPlay":false,"sceneViewState":{"showFog":true,"showMaterialUpdate":false,"showSkybox":false,"showFlares":true,"showImageEffects":true,"showParticleSystems":true,"showVisualEffectGraphs":true,"m_FxEnabled":true},"in2DMode":false,"pivot":{"x":-0.0007637143135070801,"y":1.0021852254867554,"z":0.02528877556324005},"rotation":{"x":0.06494308263063431,"y":0.9349066019058228,"z":-0.255725622177124,"w":0.2374192327260971},"size":1.3797792196273804,"orthographic":false}