{"cameraMode":{"drawMode":0,"name":"Shaded","section":"Shading Mode"},"sceneLighting":false,"audioPlay":false,"sceneViewState":{"showFog":true,"showMaterialUpdate":false,"showSkybox":false,"showFlares":true,"showImageEffects":true,"showParticleSystems":true,"showVisualEffectGraphs":true,"m_FxEnabled":true},"in2DMode":false,"pivot":{"x":0.07963047921657562,"y":0.011670857667922974,"z":-0.05878680944442749},"rotation":{"x":-0.008999303914606572,"y":0.9526063799858093,"z":-0.30284684896469118,"w":-0.028299052268266679},"size":0.22816616296768189,"orthographic":false}