{"cameraMode":{"drawMode":0,"name":"Shaded","section":"Shading Mode"},"sceneLighting":false,"audioPlay":false,"sceneViewState":{"showFog":true,"showMaterialUpdate":false,"showSkybox":false,"showFlares":true,"showImageEffects":true,"showParticleSystems":true,"showVisualEffectGraphs":true,"m_FxEnabled":true},"in2DMode":false,"pivot":{"x":-0.20806916058063508,"y":0.28742411732673647,"z":0.16520541906356812},"rotation":{"x":-0.02019581012427807,"y":-0.9790512919425964,"z":0.16182824969291688,"w":-0.12223764508962631},"size":0.34672170877456667,"orthographic":false}