{"cameraMode":{"drawMode":0,"name":"Shaded","section":"Shading Mode"},"sceneLighting":false,"audioPlay":false,"sceneViewState":{"showFog":true,"showMaterialUpdate":false,"showSkybox":false,"showFlares":true,"showImageEffects":true,"showParticleSystems":true,"showVisualEffectGraphs":true,"m_FxEnabled":true},"in2DMode":false,"pivot":{"x":0.285167396068573,"y":-0.3652573823928833,"z":-0.7194571495056152},"rotation":{"x":-0.02084529958665371,"y":-0.8652015328407288,"z":0.49976757168769839,"w":-0.036114346235990527},"size":0.9467217326164246,"orthographic":false}