{"cameraMode":{"drawMode":0,"name":"Shaded","section":"Shading Mode"},"sceneLighting":false,"audioPlay":false,"sceneViewState":{"showFog":true,"showMaterialUpdate":false,"showSkybox":false,"showFlares":true,"showImageEffects":true,"showParticleSystems":true,"showVisualEffectGraphs":true,"m_FxEnabled":true},"in2DMode":false,"pivot":{"x":-0.008199931122362614,"y":-0.010603681206703186,"z":-0.14259517192840577},"rotation":{"x":0.0019185313722118736,"y":-0.9778974056243897,"z":0.2092585414648056,"w":0.008580674417316914},"size":0.1768871545791626,"orthographic":false}