{"cameraMode":{"drawMode":0,"name":"Shaded","section":"Shading Mode"},"sceneLighting":false,"audioPlay":false,"sceneViewState":{"showFog":true,"showMaterialUpdate":false,"showSkybox":false,"showFlares":true,"showImageEffects":true,"showParticleSystems":true,"showVisualEffectGraphs":true,"m_FxEnabled":true},"in2DMode":false,"pivot":{"x":0.0007651969790458679,"y":0.01666196435689926,"z":-0.000669185072183609},"rotation":{"x":0.06170855462551117,"y":0.9244869947433472,"z":-0.33569422364234927,"w":0.16995000839233399},"size":0.046721696853637698,"orthographic":false}