{"cameraMode":{"drawMode":0,"name":"Shaded","section":"Shading Mode"},"sceneLighting":false,"audioPlay":false,"sceneViewState":{"showFog":true,"showMaterialUpdate":false,"showSkybox":false,"showFlares":true,"showImageEffects":true,"showParticleSystems":true,"showVisualEffectGraphs":true,"m_FxEnabled":true},"in2DMode":false,"pivot":{"x":0.9004974365234375,"y":3.5833563804626467,"z":-0.49629783630371096},"rotation":{"x":0.24668863415718079,"y":0.16238875687122346,"z":-0.041926059871912,"w":0.9545332789421082},"size":14.265296936035157,"orthographic":false}