{"cameraMode":{"drawMode":0,"name":"Shaded","section":"Shading Mode"},"sceneLighting":false,"audioPlay":false,"sceneViewState":{"showFog":true,"showMaterialUpdate":false,"showSkybox":false,"showFlares":true,"showImageEffects":true,"showParticleSystems":true,"showVisualEffectGraphs":true,"m_FxEnabled":true},"in2DMode":false,"pivot":{"x":-0.10394834727048874,"y":0.8640198707580566,"z":2.085071086883545},"rotation":{"x":0.02777213603258133,"y":-0.9721564650535584,"z":0.15769252181053163,"w":0.1711745709180832},"size":0.009150862693786621,"orthographic":false}