{"cameraMode":{"drawMode":0,"name":"Shaded","section":"Shading Mode"},"sceneLighting":false,"audioPlay":false,"sceneViewState":{"showFog":true,"showMaterialUpdate":false,"showSkybox":false,"showFlares":true,"showImageEffects":true,"showParticleSystems":true,"showVisualEffectGraphs":true,"m_FxEnabled":true},"in2DMode":false,"pivot":{"x":-1.7880436182022095,"y":1.4243566989898682,"z":1.3189557790756226},"rotation":{"x":0.08359795063734055,"y":0.9109773635864258,"z":-0.22873356938362122,"w":0.33294346928596499},"size":1.3389058113098145,"orthographic":false}