{"cameraMode":{"drawMode":0,"name":"Shaded","section":"Shading Mode"},"sceneLighting":false,"audioPlay":false,"sceneViewState":{"showFog":true,"showMaterialUpdate":false,"showSkybox":false,"showFlares":true,"showImageEffects":true,"showParticleSystems":true,"showVisualEffectGraphs":true,"m_FxEnabled":true},"in2DMode":false,"pivot":{"x":-0.0007637143135070801,"y":1.0021852254867554,"z":0.02528877556324005},"rotation":{"x":0.1434248983860016,"y":-0.47511523962020876,"z":0.07882063090801239,"w":0.8645506501197815},"size":1.3797792196273804,"orthographic":false}