{"cameraMode":{"drawMode":0,"name":"Shaded","section":"Shading Mode"},"sceneLighting":false,"audioPlay":false,"sceneViewState":{"showFog":true,"showMaterialUpdate":false,"showSkybox":false,"showFlares":true,"showImageEffects":true,"showParticleSystems":true,"showVisualEffectGraphs":true,"m_FxEnabled":true},"in2DMode":false,"pivot":{"x":-1.7733805179595948,"y":0.4142819941043854,"z":0.17782163619995118},"rotation":{"x":0.030879223719239236,"y":0.9112427830696106,"z":-0.06926223635673523,"w":0.405070036649704},"size":0.6175000667572022,"orthographic":false}