{"cameraMode":{"drawMode":0,"name":"Shaded","section":"Shading Mode"},"sceneLighting":false,"audioPlay":false,"sceneViewState":{"showFog":true,"showMaterialUpdate":false,"showSkybox":false,"showFlares":true,"showImageEffects":true,"showParticleSystems":true,"showVisualEffectGraphs":true,"m_FxEnabled":true},"in2DMode":false,"pivot":{"x":0.12692560255527497,"y":0.15549224615097047,"z":0.05670761317014694},"rotation":{"x":0.13054080307483674,"y":-0.864484429359436,"z":0.28974297642707827,"w":0.3894768953323364},"size":0.44302213191986086,"orthographic":false}