{"cameraMode":{"drawMode":0,"name":"Shaded","section":"Shading Mode"},"sceneLighting":true,"audioPlay":false,"sceneViewState":{"showFog":true,"showMaterialUpdate":false,"showSkybox":true,"showFlares":true,"showImageEffects":true,"showParticleSystems":true,"showVisualEffectGraphs":true,"m_FxEnabled":true},"in2DMode":false,"pivot":{"x":149.13331604003907,"y":-1.1053143739700318,"z":346.6976623535156},"rotation":{"x":0.009718461893498898,"y":0.9761978387832642,"z":-0.2120506763458252,"w":0.044736023992300037},"size":7.251659393310547,"orthographic":false}