{"cameraMode":{"drawMode":0,"name":"Shaded","section":"Shading Mode"},"sceneLighting":true,"audioPlay":false,"sceneViewState":{"showFog":true,"showMaterialUpdate":false,"showSkybox":true,"showFlares":true,"showImageEffects":true,"showParticleSystems":true,"showVisualEffectGraphs":true,"m_FxEnabled":true},"in2DMode":false,"pivot":{"x":3.0500168800354006,"y":-0.37156057357788088,"z":106.90360260009766},"rotation":{"x":0.2402934730052948,"y":-0.5776934623718262,"z":0.18313556909561158,"w":0.7583743929862976},"size":14.659144401550293,"orthographic":false}