{"cameraMode":{"drawMode":0,"name":"Shaded","section":"Shading Mode"},"sceneLighting":true,"audioPlay":false,"sceneViewState":{"showFog":true,"showMaterialUpdate":false,"showSkybox":true,"showFlares":true,"showImageEffects":true,"showParticleSystems":true,"showVisualEffectGraphs":true,"m_FxEnabled":true},"in2DMode":false,"pivot":{"x":152.75213623046876,"y":6.374926567077637,"z":347.08917236328127},"rotation":{"x":0.42040205001831057,"y":-0.24639298021793366,"z":0.11975143849849701,"w":0.8649923801422119},"size":13.553865432739258,"orthographic":false}