{"cameraMode":{"drawMode":0,"name":"Shaded","section":"Shading Mode"},"sceneLighting":true,"audioPlay":false,"sceneViewState":{"showFog":true,"showMaterialUpdate":false,"showSkybox":true,"showFlares":true,"showImageEffects":true,"showParticleSystems":true,"showVisualEffectGraphs":true,"m_FxEnabled":true},"in2DMode":false,"pivot":{"x":112.92975616455078,"y":-31.595134735107423,"z":407.2347412109375},"rotation":{"x":-0.22143423557281495,"y":0.23812620341777802,"z":-0.055856864899396899,"w":-0.9440258741378784},"size":38.48139190673828,"orthographic":false}