{"cameraMode":{"drawMode":0,"name":"Shaded","section":"Shading Mode"},"sceneLighting":true,"audioPlay":false,"sceneViewState":{"showFog":true,"showMaterialUpdate":false,"showSkybox":true,"showFlares":true,"showImageEffects":true,"showParticleSystems":true,"showVisualEffectGraphs":true,"m_FxEnabled":true},"in2DMode":false,"pivot":{"x":0.05175953358411789,"y":2.281045913696289,"z":1.8298145532608033},"rotation":{"x":-0.02078815922141075,"y":0.9448259472846985,"z":-0.3214130699634552,"w":-0.0612308643758297},"size":0.11372196674346924,"orthographic":false}