{"cameraMode":{"drawMode":0,"name":"Shaded","section":"Shading Mode"},"sceneLighting":true,"audioPlay":false,"sceneViewState":{"showFog":true,"showMaterialUpdate":false,"showSkybox":true,"showFlares":true,"showImageEffects":true,"showParticleSystems":true,"showVisualEffectGraphs":true,"m_FxEnabled":true},"in2DMode":false,"pivot":{"x":148.40921020507813,"y":-47.04138946533203,"z":397.4015197753906},"rotation":{"x":0.36979910731315615,"y":0.02229648269712925,"z":-0.008873914368450642,"w":0.9288226962089539},"size":40.13162612915039,"orthographic":false}