{"cameraMode":{"drawMode":0,"name":"Shaded","section":"Shading Mode"},"sceneLighting":false,"audioPlay":false,"sceneViewState":{"showFog":true,"showMaterialUpdate":false,"showSkybox":false,"showFlares":true,"showImageEffects":true,"showParticleSystems":true,"showVisualEffectGraphs":true,"m_FxEnabled":true},"in2DMode":false,"pivot":{"x":-0.009599842131137848,"y":0.05822306126356125,"z":-0.010403849184513092},"rotation":{"x":0.004212070256471634,"y":0.970131516456604,"z":-0.2420399934053421,"w":0.016879595816135408},"size":0.1290491819381714,"orthographic":false}