{"cameraMode":{"drawMode":0,"name":"Shaded","section":"Shading Mode"},"sceneLighting":false,"audioPlay":false,"sceneViewState":{"showFog":true,"showMaterialUpdate":false,"showSkybox":false,"showFlares":true,"showImageEffects":true,"showParticleSystems":true,"showVisualEffectGraphs":true,"m_FxEnabled":true},"in2DMode":false,"pivot":{"x":-0.14947891235351563,"y":0.7890700101852417,"z":-0.00551295280456543},"rotation":{"x":0.004212070256471634,"y":0.970131516456604,"z":-0.2420399934053421,"w":0.016879595816135408},"size":2.289351224899292,"orthographic":false}