{"cameraMode":{"drawMode":0,"name":"Shaded","section":"Shading Mode"},"sceneLighting":false,"audioPlay":false,"sceneViewState":{"showFog":false,"showMaterialUpdate":false,"showSkybox":false,"showFlares":false,"showImageEffects":false,"showParticleSystems":false,"showVisualEffectGraphs":true,"m_FxEnabled":true},"in2DMode":false,"pivot":{"x":-0.00004906952381134033,"y":0.09563720226287842,"z":0.00008903630077838898},"rotation":{"x":0.005221856292337179,"y":-0.9945603609085083,"z":0.0882425308227539,"w":0.057325441390275958},"size":0.1463010460138321,"orthographic":false}