{"cameraMode":{"drawMode":0,"name":"Shaded","section":"Shading Mode"},"sceneLighting":false,"audioPlay":false,"sceneViewState":{"showFog":false,"showMaterialUpdate":false,"showSkybox":false,"showFlares":false,"showImageEffects":false,"showParticleSystems":false,"showVisualEffectGraphs":true,"m_FxEnabled":true},"in2DMode":false,"pivot":{"x":-0.00004906952381134033,"y":0.09563720226287842,"z":0.00008903630077838898},"rotation":{"x":0.08074503391981125,"y":-0.7182058691978455,"z":0.08432376384735108,"w":0.6861438155174255},"size":0.1463010460138321,"orthographic":false}