{"cameraMode":{"drawMode":0,"name":"Shaded","section":"Shading Mode"},"sceneLighting":false,"audioPlay":false,"sceneViewState":{"showFog":true,"showMaterialUpdate":false,"showSkybox":false,"showFlares":true,"showImageEffects":true,"showParticleSystems":true,"showVisualEffectGraphs":true,"m_FxEnabled":true},"in2DMode":false,"pivot":{"x":-0.006568819284439087,"y":0.6644352674484253,"z":-0.025387421250343324},"rotation":{"x":-0.3579891622066498,"y":-0.2238779366016388,"z":0.08873298019170761,"w":-0.9022548198699951},"size":0.7420454025268555,"orthographic":false}