{"cameraMode":{"drawMode":0,"name":"Shaded","section":"Shading Mode"},"sceneLighting":false,"audioPlay":false,"sceneViewState":{"showFog":true,"showMaterialUpdate":false,"showSkybox":false,"showFlares":true,"showImageEffects":true,"showParticleSystems":true,"showVisualEffectGraphs":true,"m_FxEnabled":true},"in2DMode":false,"pivot":{"x":-0.06075694039463997,"y":0.08014511317014694,"z":-1.8565117120742798},"rotation":{"x":0.00894822645932436,"y":0.9770791530609131,"z":-0.041941918432712558,"w":0.20855902135372163},"size":0.3278712034225464,"orthographic":true}