{"cameraMode":{"drawMode":0,"name":"Shaded","section":"Shading Mode"},"sceneLighting":false,"audioPlay":false,"sceneViewState":{"showFog":true,"showMaterialUpdate":false,"showSkybox":false,"showFlares":true,"showImageEffects":true,"showParticleSystems":true,"showVisualEffectGraphs":true,"m_FxEnabled":true},"in2DMode":false,"pivot":{"x":-0.001680821180343628,"y":0.02544078230857849,"z":-0.018787473440170289},"rotation":{"x":0.22068463265895844,"y":0.18719953298568726,"z":0.043278422206640246,"w":-0.9563597440719605},"size":0.04605972394347191,"orthographic":false}