{"cameraMode":{"drawMode":0,"name":"Shaded","section":"Shading Mode"},"sceneLighting":false,"audioPlay":false,"sceneViewState":{"showFog":true,"showMaterialUpdate":false,"showSkybox":false,"showFlares":true,"showImageEffects":true,"showParticleSystems":true,"showVisualEffectGraphs":true,"m_FxEnabled":true},"in2DMode":false,"pivot":{"x":0.004090629518032074,"y":0.10000000894069672,"z":-0.0008364841341972351},"rotation":{"x":0.2361840009689331,"y":-0.4261378049850464,"z":0.11631037294864655,"w":0.865552544593811},"size":0.11456245929002762,"orthographic":false}